,Names,accuracy,precision,recall,FS
0,Total,0.9762184143066408,0.7764433541734801,0.6708780289163485,0.6900236402613195
1,020cd28cd2_00115.jpg,0.9954752604166667,0.550561797752809,0.8855421686746988,0.6789838337182448
2,020cd28cd2_00090.jpg,0.996630859375,0.7219387755102041,0.7427821522309711,0.7322121604139715
3,020cd28cd2_00055.jpg,0.9930338541666667,0.5340393343419062,0.7463002114164905,0.6225749559082892
4,020cd28cd2_00110.jpg,0.9969889322916666,0.8479381443298969,0.7230769230769231,0.7805456702253855
5,020cd28cd2_00085.jpg,0.995947265625,0.7163561076604554,0.7554585152838428,0.7353878852284803
6,020cd28cd2_00095.jpg,0.992431640625,1.0,0.023109243697478993,0.045174537987679675
7,093c335ccc_00120.jpg,0.9685709635416667,0.8692927484333035,0.8466792617352129,0.8578370021350217
8,093c335ccc_00090.jpg,0.9553385416666667,0.9259259259259259,0.7188695544859929,0.8093650131999444
9,093c335ccc_00055.jpg,0.9501302083333333,0.9064089521871821,0.6311092222694432,0.7441122431935862
10,093c335ccc_00110.jpg,0.9756673177083334,0.9276393831553974,0.8060470709500086,0.8625792811839323
11,093c335ccc_00085.jpg,0.9728841145833333,0.8944297082228116,0.8255263587400032,0.8585978611441181
12,093c335ccc_00095.jpg,0.9723307291666666,0.9201366297983083,0.8239149431983688,0.8693714461349317
13,0d3aad05d2_00120.jpg,0.9839518229166667,0.9859392956127898,0.9808338937457969,0.9833799683106901
14,0d3aad05d2_00090.jpg,0.9668131510416667,0.9503480584606249,0.981799591002045,0.9658178404385508
15,0d3aad05d2_00055.jpg,0.972314453125,0.9402742624003627,0.995201919232307,0.9669586837862513
16,0d3aad05d2_00110.jpg,0.9868977864583334,0.9916839222496827,0.981619227081887,0.9866259075277034
17,0d3aad05d2_00085.jpg,0.95126953125,0.9412290872950141,0.9588269042556782,0.949946502607998
18,0d3aad05d2_00095.jpg,0.9755045572916666,0.9627665070781525,0.9850577953199887,0.9737845982337265
19,0e9f2785ec_00025.jpg,0.9869466145833333,0.9641086516304728,0.9795672224192976,0.971776463963964
20,0e9f2785ec_00055.jpg,0.9886393229166667,0.9814089267880464,0.9655354848461946,0.9734074977141115
21,0e9f2785ec_00085.jpg,0.9845865885416667,0.9853572158278281,0.9518421052631579,0.9683097413244989
22,0e9f2785ec_00095.jpg,0.98916015625,0.9801697745616477,0.9736660215648327,0.9769070735090152
23,11e53de6f2_00095.jpg,0.9748860677083333,0.8968152866242038,0.5048404446038006,0.64601972929571
24,11e53de6f2_00100.jpg,0.9668131510416667,0.6391683433936955,0.3883455582722086,0.48314321926489234
25,13325cfa14_00030.jpg,0.988232421875,0.9609030360695442,0.9761862917398946,0.9684843729567151
26,13325cfa14_00060.jpg,0.984814453125,0.9387261488847084,0.9767897091722595,0.9573797451007264
27,13325cfa14_00090.jpg,0.9820475260416667,0.9522364508102203,0.9802574034736974,0.9660437767447588
28,13325cfa14_00100.jpg,0.9806966145833333,0.9676841364305369,0.956906916408277,0.9622653515749285
29,14dae0dc93_00025.jpg,0.9805501302083334,0.9207555862704446,0.824463696369637,0.8699532049189248
30,14dae0dc93_00055.jpg,0.9871419270833334,0.9562785968479919,0.8589041095890411,0.9049795525619437
31,14dae0dc93_00085.jpg,0.98408203125,0.918536266608582,0.874714789462767,0.8960900977475563
32,14dae0dc93_00095.jpg,0.977880859375,0.8250591016548463,0.9195379002837455,0.8697402472922459
33,1669502269_00050.jpg,0.9815755208333333,0.6642984014209592,0.2839787395596052,0.39787234042553193
34,1669502269_00025.jpg,0.985546875,0.8205470313542361,0.6652244456462953,0.7347670250896057
35,1669502269_00055.jpg,0.9793131510416667,0.5261044176706827,0.4902694610778443,0.5075552111584657
36,1669502269_00085.jpg,0.9921549479166667,0.805982905982906,0.7871452420701168,0.7964527027027026
37,1ee0ac70ff_00025.jpg,0.9670572916666667,0.9378103338085639,0.9617343080413411,0.9496216646754282
38,1ee0ac70ff_00055.jpg,0.9672526041666667,0.9480289558580534,0.972123608197515,0.9599251085527627
39,1ee0ac70ff_00085.jpg,0.9678385416666667,0.974552380952381,0.9513573819263667,0.9628152051185548
40,2293c99f3f_00125.jpg,0.9438151041666667,0.9455914768552535,0.9288704438830747,0.9371563808483525
41,2293c99f3f_00100.jpg,0.9505533854166667,0.9518139795489564,0.9423757021011026,0.9470713265270566
42,2293c99f3f_00120.jpg,0.913818359375,0.9010699877214524,0.912109375,0.9065560751786819
43,2293c99f3f_00105.jpg,0.931689453125,0.908613408098804,0.9404202174551866,0.9242432447067742
44,2293c99f3f_00050.jpg,0.8318522135416667,0.8707016254186065,0.7484641039143409,0.8049687564893998
45,2293c99f3f_00115.jpg,0.916064453125,0.8851810564925024,0.926109857035365,0.9051830333339462
46,2293c99f3f_00170.jpg,0.9776529947916667,0.974845617812022,0.9861027536605633,0.9804418740473783
47,24ddf05c03_00050.jpg,0.9763346354166667,0.9266943291839558,0.7380480282000441,0.82168260976208
48,24ddf05c03_00025.jpg,0.9832845052083333,0.9010471204188482,0.8413590809093131,0.8701807609657439
49,24ddf05c03_00055.jpg,0.9731282552083333,0.9021864211737629,0.7051945131549359,0.7916193361100592
50,24ddf05c03_00085.jpg,0.9803873697916666,0.8016256032512065,0.8815642458100559,0.8396966875083146
51,256ad2e3fc_00125.jpg,0.9982584635416667,0.9811320754716981,0.3291139240506329,0.4928909952606635
52,256ad2e3fc_00100.jpg,0.9984212239583333,1.0,0.4121212121212121,0.5836909871244635
53,256ad2e3fc_00120.jpg,0.9977701822916667,1.0,0.2215909090909091,0.36279069767441857
54,256ad2e3fc_00105.jpg,0.9984212239583333,0.9705882352941176,0.40993788819875776,0.5764192139737991
55,256ad2e3fc_00050.jpg,0.9984537760416666,1.0,0.3624161073825503,0.5320197044334976
56,256ad2e3fc_00115.jpg,0.9982259114583333,1.0,0.2635135135135135,0.4171122994652406
57,256ad2e3fc_00170.jpg,0.9975423177083333,1.0,0.24120603015075376,0.38866396761133604
58,2c54cfbb78_00125.jpg,0.953515625,0.8766475160527205,0.5101278269419862,0.6449527598209845
59,2c54cfbb78_00100.jpg,0.9863932291666667,0.9081318681318681,0.9081318681318681,0.9081318681318681
60,2c54cfbb78_00120.jpg,0.9576171875,0.935757147899753,0.5225704711216242,0.6706299013407538
61,2c54cfbb78_00105.jpg,0.9754557291666667,0.8988241728192508,0.7428248587570622,0.8134125216530562
62,2c54cfbb78_00050.jpg,0.9889811197916667,0.9654231119199272,0.6241176470588236,0.7581279028224366
63,2c54cfbb78_00115.jpg,0.9427897135416666,0.9825072886297376,0.16135982762748385,0.2771951470285832
64,2c54cfbb78_00170.jpg,0.9857747395833333,0.934589220303506,0.8512869399428027,0.8909952606635071
65,2ce660f123_00025.jpg,0.9733072916666666,0.9829248586049018,0.9323999795615963,0.9569960142647368
66,2ce660f123_00055.jpg,0.9882486979166667,0.988399712754792,0.9721814724259712,0.9802235126547606
67,2ce660f123_00085.jpg,0.9919921875,0.991374100324158,0.9817726753359813,0.9865500273373429
68,2ce660f123_00095.jpg,0.9889485677083333,0.9818515717835152,0.9814804816154635,0.9816659916295396
69,3245e049fb_00040.jpg,0.9445638020833333,0.7173746651358591,0.660267699894329,0.687637564196625
70,3245e049fb_00045.jpg,0.9817708333333334,0.8210282180131426,0.7637540453074434,0.7913561847988078
71,37e45c6247_00025.jpg,0.9826822916666667,0.9527812294422923,0.9689288634505315,0.9607872042455959
72,37e45c6247_00055.jpg,0.94287109375,0.7835731414868106,0.9782934131736527,0.87017310252996
73,37e45c6247_00085.jpg,0.991259765625,0.9339985744832502,0.9888318744340477,0.9606333846492193
74,37e45c6247_00095.jpg,0.9895182291666667,0.948503179773538,0.9514548000622375,0.9499766972192015
75,3ae2deaec2_00125.jpg,0.976416015625,0.9283650190114069,0.960125835627212,0.9439783491204331
76,3ae2deaec2_00100.jpg,0.978515625,0.9327926839789492,0.9523473971637453,0.9424686192468619
77,3ae2deaec2_00120.jpg,0.980322265625,0.929402390438247,0.9730541419871528,0.9507274727961855
78,3ae2deaec2_00105.jpg,0.9769205729166667,0.9378644156296232,0.9386812995383678,0.9382726797840849
79,3ae2deaec2_00050.jpg,0.97294921875,0.8756292811752084,0.9856014862981886,0.9273664889432741
80,3ae2deaec2_00115.jpg,0.9722330729166667,0.9135570679809122,0.9510546461438227,0.9319288165349932
81,3ae2deaec2_00170.jpg,0.9804524739583333,0.9390317831471378,0.9561728395061728,0.9475247957355704
82,3f18728586_00125.jpg,0.9752766927083333,0.951538306857028,0.9012475002380725,0.9257103731598769
83,3f18728586_00100.jpg,0.9685709635416667,0.8342069279854147,0.9389508785430294,0.8834851867495324
84,3f18728586_00120.jpg,0.9753743489583333,0.951144877070803,0.8956677265500795,0.9225730515326749
85,3f18728586_00105.jpg,0.8927571614583333,0.9199906330497228,0.6793083573487032,0.781539073638142
86,3f18728586_00050.jpg,0.9475423177083333,0.9395595814461971,0.8974639482844357,0.9180294514102597
87,3f18728586_00115.jpg,0.916943359375,0.9108198589643137,0.7685418920543334,0.8336538774977996
88,3f18728586_00170.jpg,0.98212890625,0.763943661971831,0.6663390663390664,0.7118110236220473
89,432f9884f9_00050.jpg,0.9798665364583333,0.7858238723534826,0.8261290322580646,0.8054725585783928
90,432f9884f9_00025.jpg,0.969189453125,0.023809523809523808,0.0005396654074473826,0.0010554089709762533
91,432f9884f9_00055.jpg,0.9797526041666667,0.9010212097407698,0.6981132075471698,0.7866941015089163
92,432f9884f9_00085.jpg,0.9818196614583333,0.8336866902237927,0.8959493670886076,0.8636973764490543
93,46630b55ae_00045.jpg,0.9451985677083333,0.7644608235859638,0.7155068986202759,0.7391742195367572
94,504dd9c0fd_00215.jpg,0.968994140625,0.9949305182799547,0.9016322559723273,0.9459865604355099
95,504dd9c0fd_00245.jpg,0.9842122395833334,0.982954013299616,0.9301604183284587,0.9558287795992713
96,504dd9c0fd_00275.jpg,0.9895182291666667,0.9751655629139073,0.95,0.9624183006535947
97,504dd9c0fd_00285.jpg,0.969775390625,0.9788407541115123,0.855702638730604,0.913139061696057
98,50efbe152f_00125.jpg,0.9864908854166666,0.9872735439437041,0.9817613340281397,0.9845097234145795
99,50efbe152f_00100.jpg,0.9884114583333333,0.9867162822898187,0.9825498728941359,0.984628670120898
100,50efbe152f_00120.jpg,0.972900390625,0.9344950495049505,0.9995340365145932,0.9659209529852427
101,50efbe152f_00105.jpg,0.988330078125,0.976424448067686,0.9918531781557745,0.9840783425487974
102,50efbe152f_00050.jpg,0.9829264322916667,0.9744631456761462,0.9585765034255265,0.966454542547408
103,50efbe152f_00115.jpg,0.980615234375,0.9648033126293996,0.9835114101042078,0.9740675419687764
104,50efbe152f_00170.jpg,0.9872721354166667,0.9678414386033997,0.9805838154132589,0.974170960496763
105,51a597ee04_00045.jpg,0.9942057291666667,0.8339670468948035,0.7451868629671574,0.7870813397129187
106,549c56f1d4_00175.jpg,0.9774088541666667,0.9681303977618294,0.9754074921361167,0.9717553213137438
107,549c56f1d4_00205.jpg,0.9592447916666667,0.962853583129528,0.9247064037225792,0.9433945203002079
108,549c56f1d4_00235.jpg,0.946337890625,0.9607188160676533,0.9056160070150265,0.9323539670489751
109,549c56f1d4_00245.jpg,0.9568196614583333,0.9158553546592489,0.9670934875395842,0.9407772841931379
110,5b27d19f0b_00125.jpg,0.9852213541666667,0.8972937724160417,0.9519197509512279,0.9237999328633769
111,5b27d19f0b_00100.jpg,0.9908854166666666,0.955798138869005,0.9446409621506898,0.950186799501868
112,5b27d19f0b_00120.jpg,0.988671875,0.9333450271882126,0.9439418130211105,0.9386135120832598
113,5b27d19f0b_00105.jpg,0.9875,0.9443099273607748,0.924483576024382,0.9342915811088296
114,5b27d19f0b_00050.jpg,0.9918131510416667,0.9680869717692443,0.9450530640191716,0.9564313555651798
115,5b27d19f0b_00115.jpg,0.9874837239583333,0.9219554030874786,0.9448057655123924,0.9332407327024916
116,5b27d19f0b_00170.jpg,0.97509765625,0.9495370370370371,0.5907258064516129,0.7283380681818183
117,5bc77844da_00125.jpg,0.9832682291666667,0.9197618372554579,0.8132364001002758,0.863225119744545
118,5bc77844da_00100.jpg,0.986669921875,0.9400581959262851,0.9047796863330844,0.9220816287698601
119,5bc77844da_00120.jpg,0.9783203125,0.9064748201438849,0.7672131147540984,0.8310502283105023
120,5bc77844da_00105.jpg,0.9837076822916667,0.9770813844714686,0.8222790789214721,0.8930212675002671
121,5bc77844da_00050.jpg,0.9884114583333333,0.9182196211304482,0.9705355689402572,0.9436530547641658
122,5bc77844da_00115.jpg,0.97607421875,0.912347354138399,0.7456198713683744,0.8206004393458629
123,5bc77844da_00170.jpg,0.9867513020833333,0.9168253968253969,0.9114243635598569,0.9141169023000633
124,5f808d0d2d_00050.jpg,0.9593912760416666,0.5550857411322527,0.7972334682860999,0.6544799889212021
125,5f808d0d2d_00025.jpg,0.9876302083333334,0.7390272835112692,0.5356835769561479,0.621136590229312
126,5f808d0d2d_00055.jpg,0.9601399739583333,0.6592015579357352,0.7207878626563747,0.6886204704386523
127,5f808d0d2d_00085.jpg,0.9515462239583333,0.6287878787878788,0.08087041247158168,0.14330935251798563
128,60e51ff1ae_00125.jpg,0.9837076822916667,0.9400838825644098,0.6352226720647773,0.7581541435129258
129,60e51ff1ae_00090.jpg,0.9687662760416667,0.865979381443299,0.4883720930232558,0.6245353159851301
130,60e51ff1ae_00055.jpg,0.86484375,0.8737864077669902,0.1828524989841528,0.3024193548387097
131,60e51ff1ae_00110.jpg,0.98115234375,0.8803538175046555,0.6772922636103151,0.765587044534413
132,60e51ff1ae_00085.jpg,0.9761555989583334,0.878139534883721,0.7254098360655737,0.7945013325852154
133,60e51ff1ae_00095.jpg,0.9762532552083333,0.9204781704781705,0.5755606109847253,0.708258348330334
134,619812a1a7_00025.jpg,0.981396484375,0.8837735849056604,0.7371734340572867,0.803844173674275
135,619812a1a7_00055.jpg,0.9816080729166666,0.8993775933609959,0.6494382022471911,0.7542409743366681
136,619812a1a7_00085.jpg,0.984521484375,0.9116022099447514,0.6759524784924211,0.776287932251235
137,619812a1a7_00095.jpg,0.9808268229166667,0.8263135041250543,0.7098097724729578,0.7636436597110754
138,6353f09384_00125.jpg,0.9922037760416667,0.9526045487894351,0.9765342960288809,0.964421005719379
139,6353f09384_00100.jpg,0.99091796875,0.9521019481470632,0.9656811766453721,0.958843487240006
140,6353f09384_00120.jpg,0.99150390625,0.9431801710392811,0.9804128371252072,0.9614361702127661
141,6353f09384_00105.jpg,0.9910319010416667,0.9584333733493398,0.958865035279988,0.9586491557223263
142,6353f09384_00050.jpg,0.988818359375,0.9367070563079116,0.964338127384796,0.9503217875479065
143,6353f09384_00115.jpg,0.990625,0.9566486644285506,0.9591687399385336,0.957907044723765
144,6353f09384_00170.jpg,0.9912434895833333,0.9565086531226487,0.9623012869038607,0.9593962264150944
145,639bddef11_00125.jpg,0.9726399739583333,0.9789473684210527,0.0998389694041868,0.18119824646858257
146,639bddef11_00090.jpg,0.9780436197916667,0.8145649139134481,0.8638045891931903,0.8384624595856783
147,639bddef11_00055.jpg,0.9812174479166667,0.8854588394062078,0.91701607267645,0.9009612083762444
148,639bddef11_00110.jpg,0.9820475260416667,0.9983212087297146,0.6185852981969486,0.7638621280239778
149,639bddef11_00085.jpg,0.9788248697916667,0.869276393831554,0.8300860897145447,0.8492293429134314
150,639bddef11_00095.jpg,0.9837727864583333,0.9325307950727884,0.8150232444335699,0.8698263480872177
151,68cc4a1970_00025.jpg,0.9670572916666667,0.8734177215189873,0.8729800826756858,0.8731988472622478
152,68cc4a1970_00055.jpg,0.9691080729166667,0.8823529411764706,0.8593329747175901,0.8706908298133261
153,68cc4a1970_00085.jpg,0.9469401041666666,0.8757132482622678,0.8036751404360659,0.8381491410982027
154,68cc4a1970_00095.jpg,0.957421875,0.8912172860203036,0.8685667604611056,0.8797462535625632
155,69340faa52_00080.jpg,0.9651204427083333,0.9860544217687075,0.9162038918235587,0.9498467083245571
156,69340faa52_00110.jpg,0.9889973958333333,0.9799444304117201,0.9858210093001982,0.9828739359546008
157,69340faa52_00140.jpg,0.9849772135416667,0.989825352703624,0.9628099173553719,0.9761307507305593
158,69340faa52_00150.jpg,0.9862630208333333,0.9759727174081537,0.9803290600508642,0.9781460383221129
159,6a42176f2e_00125.jpg,0.9594889322916667,0.9332610803719126,0.92539592760181,0.9293118627701571
160,6a42176f2e_00100.jpg,0.9540201822916666,0.9252537473953082,0.8893267864065124,0.90693460714874
161,6a42176f2e_00120.jpg,0.9509765625,0.9129751440712498,0.911807453055055,0.91239092495637
162,6a42176f2e_00105.jpg,0.9304524739583333,0.8462142529939141,0.8705399219065572,0.8582047453127593
163,6a42176f2e_00050.jpg,0.9601236979166666,0.9296641622159862,0.8599179435652684,0.8934319269247499
164,6a42176f2e_00115.jpg,0.9157552083333333,0.8060517893511784,0.8825740681745778,0.8425790754257908
165,6a42176f2e_00170.jpg,0.9670084635416667,0.9379983502886995,0.9238372486629206,0.9308639448821584
166,6b25d6528a_00120.jpg,1.0,0.0,0.0,0.0
167,6b25d6528a_00090.jpg,1.0,0.0,0.0,0.0
168,6b25d6528a_00055.jpg,1.0,0.0,0.0,0.0
169,6b25d6528a_00110.jpg,1.0,0.0,0.0,0.0
170,6b25d6528a_00085.jpg,1.0,0.0,0.0,0.0
171,6b25d6528a_00095.jpg,1.0,0.0,0.0,0.0
172,6cc791250b_00125.jpg,0.9912272135416667,0.7774049217002237,0.9079033311561071,0.8376016872551973
173,6cc791250b_00090.jpg,0.9910970052083333,0.9373680506685432,0.7441340782122905,0.8296480847088135
174,6cc791250b_00055.jpg,0.993017578125,0.8739856801909308,0.9173346693386774,0.8951356636519189
175,6cc791250b_00110.jpg,0.9932779947916667,0.9489291598023064,0.7664670658682635,0.8479941111520058
176,6cc791250b_00085.jpg,0.991064453125,0.9354838709677419,0.7721454173067076,0.8460028050490883
177,6cc791250b_00095.jpg,0.9855305989583333,0.9985443959243085,0.4358322744599746,0.6068111455108359
178,70405185d2_00125.jpg,0.9978515625,1.0,0.23699421965317918,0.38317757009345793
179,70405185d2_00100.jpg,0.998046875,1.0,0.1836734693877551,0.3103448275862069
180,70405185d2_00120.jpg,0.9976399739583334,1.0,0.17142857142857143,0.2926829268292683
181,70405185d2_00105.jpg,0.9979817708333333,1.0,0.21518987341772153,0.3541666666666667
182,70405185d2_00050.jpg,0.9983561197916667,1.0,0.3525641025641026,0.5213270142180095
183,70405185d2_00115.jpg,0.997998046875,1.0,0.22641509433962265,0.36923076923076925
184,70405185d2_00170.jpg,0.99833984375,1.0,0.23880597014925373,0.38554216867469876
185,711dce6fe2_00025.jpg,0.9694173177083333,0.7196581196581197,0.3518595904722106,0.472635419590233
186,711dce6fe2_00055.jpg,0.9876302083333334,0.8744821872410936,0.8220404984423676,0.8474508229626656
187,711dce6fe2_00085.jpg,0.9801432291666666,0.9478908188585607,0.631404958677686,0.7579365079365079
188,711dce6fe2_00095.jpg,0.9864583333333333,0.8422053231939164,0.8415653495440729,0.8418852147472443
189,72d8dba870_00125.jpg,0.9859375,0.9737360103481244,0.9775845519733499,0.975656485968669
190,72d8dba870_00100.jpg,0.9896647135416666,0.9853477765108324,0.9785969084423306,0.9819607397517117
191,72d8dba870_00120.jpg,0.984716796875,0.9573702573048408,0.9911394548225069,0.9739622327593378
192,72d8dba870_00105.jpg,0.9859212239583334,0.9710136864359631,0.9806708995898185,0.9758184003801963
193,72d8dba870_00050.jpg,0.9928873697916667,0.9900481744421906,0.9823888294861312,0.98620363062352
194,72d8dba870_00115.jpg,0.9841145833333333,0.9888122427685352,0.9561123255422902,0.9721873931380373
195,72d8dba870_00170.jpg,0.9775390625,0.9986159552676742,0.9301294281441758,0.96315677061085
196,72e8d1c1ff_00025.jpg,0.9901692708333333,0.8917748917748918,0.5387968613775065,0.6717391304347825
197,72e8d1c1ff_00055.jpg,0.971728515625,0.7906295754026355,0.2530459231490159,0.38338658146964855
198,72e8d1c1ff_00085.jpg,0.973876953125,0.9768211920529801,0.15583729529846804,0.26879271070615035
199,72e8d1c1ff_00095.jpg,0.9746419270833333,0.9398280802292264,0.17587131367292225,0.2962962962962963
200,72f04f1a38_00060.jpg,0.9738444010416667,0.9527289335464718,0.7487437185929648,0.8385086925937092
201,72f04f1a38_00025.jpg,0.9798665364583333,0.9532068654019874,0.843620083146786,0.8950716769870217
202,72f04f1a38_00055.jpg,0.972119140625,0.9384939195509823,0.7345780706571481,0.8241092514631893
203,733798921e_00125.jpg,0.9964680989583333,0.8835978835978836,0.6587771203155819,0.7548022598870057
204,733798921e_00090.jpg,0.9939778645833334,0.9,0.3151750972762646,0.46685878962536015
205,733798921e_00055.jpg,0.99638671875,0.867595818815331,0.5750577367205543,0.6916666666666667
206,733798921e_00110.jpg,0.9954915364583333,0.9581881533101045,0.5092592592592593,0.6650544135429263
207,733798921e_00085.jpg,0.9927408854166667,0.912,0.20765027322404372,0.3382789317507418
208,733798921e_00095.jpg,0.992578125,0.9827586206896551,0.111328125,0.19999999999999998
209,74267f68b9_00050.jpg,0.9813639322916666,0.8940972222222222,0.7540263543191801,0.818109610802224
210,74267f68b9_00025.jpg,0.97626953125,0.8592514496573537,0.7791586998087954,0.8172474304336926
211,74267f68b9_00055.jpg,0.9811848958333333,0.8553137003841229,0.7103863878057426,0.7761425251742835
212,74267f68b9_00085.jpg,0.991015625,0.8625554212011286,0.9102509570395576,0.8857615894039735
213,756f76f74d_00125.jpg,0.97919921875,0.9562268089053804,0.9692642219087917,0.962701377539108
214,756f76f74d_00100.jpg,0.9802571614583333,0.9688757306612009,0.9408079021082117,0.9546355510677288
215,756f76f74d_00120.jpg,0.9761555989583334,0.9482791770813305,0.9574220266597645,0.9528286698650867
216,756f76f74d_00105.jpg,0.9796223958333333,0.9545518305512695,0.9575066835514282,0.9560269738690642
217,756f76f74d_00050.jpg,0.9671712239583333,0.9234166791435844,0.9254257633730962,0.9244201296511411
218,756f76f74d_00115.jpg,0.9871744791666667,0.9760708804241663,0.9691742865059574,0.9726103580118178
219,756f76f74d_00170.jpg,0.97802734375,0.963117893124374,0.9575888934450237,0.960345435318999
220,77c834dc43_00095.jpg,0.9059244791666666,0.9878296146044625,0.14446751705725305,0.2520703933747412
221,79d9e00c55_00050.jpg,0.95654296875,0.9297954671088999,0.3981065088757396,0.5575074577394762
222,79d9e00c55_00025.jpg,0.977294921875,0.9265944645006017,0.5474582296480626,0.6882681564245811
223,79d9e00c55_00055.jpg,0.9443684895833333,0.8730017761989343,0.23085955847815876,0.36515601783060925
224,79d9e00c55_00085.jpg,0.968701171875,0.9426778242677825,0.5578113394404556,0.700886607559496
225,7c078f211b_00120.jpg,0.9715983072916666,0.9652014652014652,0.3817457442955451,0.547106151051129
226,7c078f211b_00090.jpg,0.6149576822916667,0.9897768178545716,0.46797984840920437,0.6354909785673564
227,7c078f211b_00055.jpg,0.9181477864583333,0.9257286629198798,0.9113455785376524,0.9184808156781379
228,7c078f211b_00110.jpg,0.9129069010416667,0.9963598543941757,0.26391184573002757,0.41729282369595994
229,7c078f211b_00085.jpg,0.9220703125,0.9925235863051088,0.9192174534263889,0.9544650499286733
230,7c078f211b_00095.jpg,0.7927408854166667,0.7932054267864405,0.7503234605028499,0.771168775158137
231,7eb2605d96_00050.jpg,0.9965006510416666,1.0,0.004629629629629629,0.009216589861751152
232,7eb2605d96_00025.jpg,0.9983235677083333,0.0,0.0,0.0
233,7eb2605d96_00055.jpg,0.9965494791666667,0.8435374149659864,0.3961661341853035,0.5391304347826087
234,7eb2605d96_00085.jpg,0.994677734375,0.8664987405541562,0.5566343042071198,0.677832512315271
235,8056117b89_00125.jpg,0.9834309895833333,0.9610970158269905,0.9195468731938504,0.9398629489603024
236,8056117b89_00090.jpg,0.9876627604166667,0.9454133635334089,0.9679962894248608,0.9565715595279018
237,8056117b89_00055.jpg,0.962744140625,0.8475572047000618,0.9103287944204583,0.877822257806245
238,8056117b89_00110.jpg,0.9863444010416667,0.9665043354317615,0.9359328272371751,0.9509729445450827
239,8056117b89_00085.jpg,0.9905924479166667,0.9516822945394374,0.9840310254362952,0.9675863615971287
240,8056117b89_00095.jpg,0.9856282552083333,0.9720580994583948,0.9233017654624108,0.9470528272471067
241,827171a845_00125.jpg,1.0,0.0,0.0,0.0
242,827171a845_00100.jpg,0.9496744791666667,0.9652424446760253,0.8618028569864813,0.9105944945639601
243,827171a845_00120.jpg,0.9984212239583333,0.0,0.0,0.0
244,827171a845_00105.jpg,0.9238606770833333,0.9701551667216903,0.7766266715999789,0.8626702677313292
245,827171a845_00050.jpg,0.97587890625,0.9115248226950354,0.955043655953929,0.9327769209833983
246,827171a845_00115.jpg,0.9655598958333333,0.9041095890410958,0.2804532577903683,0.42810810810810807
247,827171a845_00170.jpg,0.9579915364583333,0.933696459519683,0.938202806249378,0.9359442086714814
248,8273a03530_00140.jpg,0.9634114583333333,0.765296803652968,0.49149560117302055,0.5985714285714285
249,8273a03530_00045.jpg,0.9775227864583333,0.7508581235697941,0.8373205741626795,0.7917357864575478
250,8273a03530_00175.jpg,0.9460286458333333,0.5598755832037325,0.207492795389049,0.30277544154751895
251,8273a03530_00170.jpg,0.9612955729166667,0.5852826510721247,0.4402492668621701,0.5025104602510461
252,8273a03530_00110.jpg,0.97353515625,0.8403565640194489,0.7503617945007236,0.7928134556574923
253,8273a03530_00135.jpg,0.9799479166666667,0.8354591836734694,0.699288256227758,0.7613328167376987
254,84a4bf147d_00040.jpg,0.9752766927083333,0.24428822495606328,0.6455108359133127,0.35444113897152574
255,84a4bf147d_00045.jpg,0.9780110677083333,0.5617479417352755,0.573738680465718,0.56768
256,8515f6db22_00125.jpg,0.995703125,1.0,0.029411764705882353,0.05714285714285715
257,8515f6db22_00100.jpg,0.9970865885416667,0.8666666666666667,0.6793349168646081,0.7616511318242345
258,8515f6db22_00120.jpg,0.995751953125,0.868421052631579,0.11418685121107267,0.2018348623853211
259,8515f6db22_00105.jpg,0.997607421875,0.9224806201550387,0.6520547945205479,0.7640449438202247
260,8515f6db22_00050.jpg,0.9886067708333334,0.8273504273504273,0.660300136425648,0.7344461305007587
261,8515f6db22_00115.jpg,0.9951497395833333,0.0,0.0,0.0
262,8515f6db22_00170.jpg,0.9974609375,0.0,0.0,0.0
263,89986c60be_00090.jpg,0.9991536458333333,0.12903225806451613,0.13793103448275862,0.13333333333333333
264,89986c60be_00055.jpg,0.9947428385416667,1.0,0.0182370820668693,0.035820895522388055
265,89986c60be_00110.jpg,1.0,0.0,0.0,0.0
266,89986c60be_00085.jpg,0.9957356770833333,0.0,0.0,0.0
267,89986c60be_00095.jpg,0.99755859375,0.0,0.0,0.0
268,8aca214360_00125.jpg,0.9931315104166667,0.7138749101365924,0.976401179941003,0.824750830564784
269,8aca214360_00100.jpg,0.9968098958333333,0.8181818181818182,0.8181818181818182,0.8181818181818182
270,8aca214360_00120.jpg,0.9932291666666667,0.7023026315789473,0.9405286343612335,0.8041431261770245
271,8aca214360_00105.jpg,0.997900390625,0.809437386569873,0.948936170212766,0.8736532810969638
272,8aca214360_00050.jpg,0.9985026041666667,0.0,0.0,0.0
273,8aca214360_00115.jpg,0.9946451822916667,0.7789291882556131,0.9251282051282051,0.845757149554618
274,8aca214360_00170.jpg,0.9805989583333333,0.9410752335682675,0.9604382736701238,0.9506581670668102
275,8b4fb018b7_00045.jpg,0.9874674479166666,0.9752475247524752,0.2047817047817048,0.3384879725085911
276,8b4fb018b7_00050.jpg,0.985546875,0.6148097826086957,0.7381729200652528,0.6708673091178651
277,8ec10891f9_00125.jpg,0.98662109375,0.9592610137375651,0.733429916696849,0.8312807881773399
278,8ec10891f9_00090.jpg,0.9699544270833333,0.845748799752207,0.8653145301853906,0.855419799498747
279,8ec10891f9_00055.jpg,0.9840006510416667,0.9016268815569408,0.946377274178104,0.9234602507202367
280,8ec10891f9_00110.jpg,0.9753580729166667,0.9231082180634662,0.6313299944351697,0.7498347653668209
281,8ec10891f9_00085.jpg,0.9779947916666667,0.9240880709825829,0.8633712004912496,0.8926984126984127
282,8ec10891f9_00095.jpg,0.9730631510416666,0.8695278969957082,0.8498322147651006,0.8595672464997879
283,90107941f3_00050.jpg,0.9897623697916667,0.9861325115562404,0.869762174405436,0.9242989529425923
284,90107941f3_00025.jpg,0.988720703125,0.9334157905586477,0.9244589628419763,0.9289157862344855
285,90107941f3_00055.jpg,0.97890625,0.9760066188637617,0.7453664700926707,0.8452352519703846
286,90107941f3_00085.jpg,0.98447265625,0.9863291139240506,0.8123436196830692,0.8909215641436087
287,9077e69b08_00120.jpg,0.98974609375,0.89522484932777,0.8269807280513919,0.8597506678539625
288,9077e69b08_00090.jpg,0.9905924479166667,0.9073861461921163,0.8758773550055412,0.8913533834586467
289,9077e69b08_00055.jpg,0.9904947916666667,0.8837388953263808,0.8899260987942434,0.8868217054263566
290,9077e69b08_00110.jpg,0.987158203125,0.935369632580788,0.7666908563134979,0.8426719840478565
291,9077e69b08_00085.jpg,0.9931477864583333,0.9264591439688716,0.9112131649445082,0.9187729114412503
292,9077e69b08_00095.jpg,0.98916015625,0.9238056013179572,0.8234214390602056,0.8707298136645963
293,909655b4a6_00025.jpg,0.9675944010416667,0.9769436997319035,0.7459061135371179,0.8459336067476592
294,909655b4a6_00055.jpg,0.9694986979166667,0.9647058823529412,0.8270252684090663,0.8905757328039239
295,909655b4a6_00085.jpg,0.992578125,0.9727201870615745,0.9764166759807756,0.9745649263721553
296,909655b4a6_00095.jpg,0.9872721354166667,0.9643819215803652,0.9221522610188895,0.9427944403803951
297,90d300f09b_00125.jpg,0.9634114583333333,0.9573454879417668,0.9658876419918323,0.9615975947247941
298,90d300f09b_00100.jpg,0.977197265625,0.9670888151153736,0.9752831280482764,0.9711686868478999
299,90d300f09b_00120.jpg,0.9558756510416667,0.9598648844980386,0.942710377055613,0.9512102942499774
300,90d300f09b_00105.jpg,0.944482421875,0.9101219376598347,0.961396914885287,0.9350570226377017
301,90d300f09b_00050.jpg,0.9486328125,0.9325923504413207,0.9630679900074269,0.9475851989636618
302,90d300f09b_00115.jpg,0.949951171875,0.9738976076168959,0.9086118638964168,0.9401226754941098
303,90d300f09b_00170.jpg,0.9656901041666667,0.9863019233877485,0.9324241729696692,0.9586066056631191
304,9153762797_00130.jpg,0.97763671875,0.7556535070908394,0.9755071746660069,0.8516198704103671
305,9153762797_00105.jpg,0.9716796875,0.41790225151015925,0.5281054823039556,0.46658491722869405
306,9153762797_00065.jpg,0.9913411458333333,0.9830132590949842,0.9918114734587004,0.987392767429736
307,9153762797_00110.jpg,0.963720703125,0.40741805635422657,0.894006309148265,0.5597471854631642
308,9153762797_00055.jpg,0.865673828125,0.7527385570209465,0.9883872545024855,0.8546162383074674
309,9153762797_00120.jpg,0.9791829427083333,0.8281403096217911,0.9131374243733794,0.8685643818723666
310,9153762797_00175.jpg,0.956005859375,0.34637725466218283,0.6672555948174322,0.456027369692091
311,939378f6d6_00050.jpg,0.9943033854166666,0.9732441471571907,0.4597156398104265,0.6244635193133047
312,939378f6d6_00025.jpg,0.9935221354166667,0.5703703703703704,0.6497890295358649,0.6074950690335306
313,939378f6d6_00055.jpg,0.9925130208333334,0.9908675799086758,0.3214814814814815,0.4854586129753915
314,939378f6d6_00085.jpg,0.9990559895833333,0.0,0.0,0.0
315,93e2feacce_00125.jpg,0.9854166666666667,0.9866544998289039,0.9794300811473863,0.9830290173497993
316,93e2feacce_00100.jpg,0.985302734375,0.9927866807033962,0.9725744843391902,0.9825766492368844
317,93e2feacce_00120.jpg,0.9875813802083333,0.9905117555157565,0.9806096272823298,0.9855358192261758
318,93e2feacce_00105.jpg,0.9840169270833333,0.9932696398870537,0.969494468984785,0.9812380588460069
319,93e2feacce_00050.jpg,0.9808430989583333,0.9848631489295807,0.9700297414779226,0.977390168469178
320,93e2feacce_00115.jpg,0.984033203125,0.9919725213229902,0.9708037467895453,0.9812739801859239
321,93e2feacce_00170.jpg,0.98076171875,0.988018577059673,0.966591577259364,0.9771876326861466
322,9445c3eca2_00050.jpg,0.980224609375,0.8654028436018958,0.9378531073446328,0.900172541286665
323,9445c3eca2_00025.jpg,0.994189453125,0.896404109589041,0.9479402444545043,0.9214521452145215
324,9445c3eca2_00055.jpg,0.9528483072916667,0.6917880198168443,0.8451944240645635,0.7608354660282342
325,9445c3eca2_00085.jpg,0.992431640625,0.8582554517133957,0.8959349593495934,0.8766905330151153
326,9498baa359_00025.jpg,0.979833984375,0.9579232693911593,0.9900866341968019,0.9737394290074394
327,9498baa359_00055.jpg,0.975537109375,0.9565111165404349,0.9696354269863285,0.96302855877795
328,9498baa359_00085.jpg,0.9826497395833333,0.9595061500898328,0.9911015940994528,0.9750479846449136
329,9498baa359_00095.jpg,0.98271484375,0.9644634955752213,0.9862839366515838,0.975251677852349
330,96a856ef9a_00125.jpg,0.9653971354166667,0.9796253023408354,0.9361802154750245,0.9574101526503466
331,96a856ef9a_00100.jpg,0.97470703125,0.9901878997338418,0.950177257652575,0.9697700657510796
332,96a856ef9a_00120.jpg,0.9397135416666667,0.9840644426932843,0.8706328917809281,0.9238799835593917
333,96a856ef9a_00105.jpg,0.9542805989583333,0.9788025963415188,0.9020329624362085,0.9388510351133074
334,96a856ef9a_00050.jpg,0.9740397135416666,0.9663581999799552,0.9800772514738768,0.9731693777650681
335,96a856ef9a_00115.jpg,0.96240234375,0.9500974805038992,0.9628039513677812,0.9564085144927535
336,96a856ef9a_00170.jpg,0.9756022135416667,0.9891807712798656,0.9513242944978717,0.9698832700460088
337,96e6ff0917_00125.jpg,1.0,0.0,0.0,0.0
338,96e6ff0917_00090.jpg,0.9959635416666667,0.6933333333333334,0.5714285714285714,0.6265060240963856
339,96e6ff0917_00055.jpg,0.9920572916666667,0.9448621553884712,0.9212598425196851,0.932911740445422
340,96e6ff0917_00110.jpg,1.0,0.0,0.0,0.0
341,96e6ff0917_00085.jpg,0.9905598958333334,0.7841606246514222,0.8792995622263915,0.8290094339622641
342,96e6ff0917_00095.jpg,1.0,0.0,0.0,0.0
343,98ba3c9417_00125.jpg,0.9470865885416667,0.9499835532327034,0.9902093373207109,0.9696794471232315
344,98ba3c9417_00100.jpg,0.9808268229166667,0.9855678205265602,0.9933390941167999,0.9894381982175838
345,98ba3c9417_00120.jpg,0.95322265625,0.9767554012345679,0.9680903946160906,0.9724035950222768
346,98ba3c9417_00105.jpg,0.9776692708333333,0.9815073457914184,0.99416220475261,0.987794245858762
347,98ba3c9417_00050.jpg,0.96953125,0.9674872027813204,0.9998014046110238,0.9833789111055865
348,98ba3c9417_00115.jpg,0.9484700520833333,0.9627095707089692,0.9774436090225563,0.9700206427665095
349,98ba3c9417_00170.jpg,0.9237630208333333,0.9147105287612676,0.9980734521709153,0.9545754296132511
350,9e493e4773_00125.jpg,0.9484700520833333,0.9039054307413645,0.9950327071745898,0.9472825362994537
351,9e493e4773_00100.jpg,0.9579915364583333,0.8453360080240723,0.9792408985282727,0.907374842993002
352,9e493e4773_00120.jpg,0.9353190104166667,0.8571428571428571,0.9986488768789056,0.922500877569328
353,9e493e4773_00105.jpg,0.9456868489583333,0.7663405642988799,0.9962215464012534,0.8662900188323917
354,9e493e4773_00050.jpg,0.9702473958333333,0.9416517899088603,0.9715947649054775,0.9563889684130165
355,9e493e4773_00115.jpg,0.9445475260416667,0.8405755257206102,0.9946475344493794,0.9111441462587696
356,9e493e4773_00170.jpg,0.97353515625,0.9696208314298767,0.9771456757645511,0.9733687106918238
357,a06722ba82_00025.jpg,0.9687662760416667,0.06835443037974684,0.043654001616814875,0.053280710409472125
358,a06722ba82_00055.jpg,0.8528483072916667,0.9064327485380117,0.2721571906354515,0.4186225966175809
359,a06722ba82_00085.jpg,0.7873209635416667,0.0,0.0,0.0
360,a06722ba82_00095.jpg,0.3844401041666667,0.017309331060928846,0.4145408163265306,0.03323108384458078
361,a2052e4f6c_00025.jpg,0.9886067708333334,0.9932953249714938,0.9752362187094175,0.984182935647144
362,a2052e4f6c_00055.jpg,0.9904947916666667,0.9938064394118481,0.9789037395799376,0.9862987987987989
363,a2052e4f6c_00085.jpg,0.976806640625,0.9705762157744177,0.9572270643357348,0.9638554216867471
364,a2052e4f6c_00095.jpg,0.9666829427083333,0.9347340187751453,0.9625102291325696,0.9484187980345218
365,a919392446_00125.jpg,1.0,0.0,0.0,0.0
366,a919392446_00090.jpg,0.99970703125,0.0,0.0,0.0
367,a919392446_00055.jpg,0.9968424479166667,0.5508771929824562,0.7040358744394619,0.6181102362204726
368,a919392446_00110.jpg,0.9998372395833334,0.0,0.0,0.0
369,a919392446_00085.jpg,0.9995930989583334,0.0,0.0,0.0
370,a919392446_00095.jpg,0.999755859375,0.0,0.0,0.0
371,ab33a18ded_00025.jpg,0.9620442708333333,0.4540540540540541,0.03628509719222462,0.0672
372,ab33a18ded_00055.jpg,0.9652669270833333,0.8048245614035088,0.1521558872305141,0.25592747559274753
373,ab33a18ded_00085.jpg,0.96025390625,0.5643564356435643,0.023217922606924644,0.04460093896713615
374,ab33a18ded_00095.jpg,0.9801106770833333,0.9442096365173288,0.4914210294764628,0.646412037037037
375,abe61a11bb_00125.jpg,0.9912434895833333,0.3008130081300813,0.07566462167689161,0.12091503267973856
376,abe61a11bb_00100.jpg,0.9934244791666667,0.7647058823529411,0.061611374407582936,0.11403508771929824
377,abe61a11bb_00120.jpg,0.9922526041666667,0.0,0.0,0.0
378,abe61a11bb_00105.jpg,0.993115234375,0.6923076923076923,0.02102803738317757,0.04081632653061224
379,abe61a11bb_00050.jpg,0.9953938802083333,1.0,0.007017543859649123,0.013937282229965157
380,abe61a11bb_00115.jpg,0.9921712239583333,0.0,0.0,0.0
381,abe61a11bb_00170.jpg,0.997119140625,0.8398791540785498,0.6915422885572139,0.7585266030013642
382,ac783ef388_00125.jpg,0.9754231770833334,0.9746479356421208,0.9994371449175945,0.986886897318327
383,ac783ef388_00100.jpg,0.9410970052083333,0.9754760348354174,0.949585351835126,0.9623565878571653
384,ac783ef388_00120.jpg,0.9551920572916667,0.9820710553408053,0.9650683362602123,0.9734954606282914
385,ac783ef388_00105.jpg,0.9306477864583333,0.9545491853736611,0.9578708946772367,0.9562071552636717
386,ac783ef388_00050.jpg,0.9565266927083333,0.9557436430800129,0.9962056783985346,0.9755552911675072
387,ac783ef388_00115.jpg,0.9254069010416667,0.9223292101368511,0.9934661103676297,0.9565769402044663
388,ac783ef388_00170.jpg,0.88369140625,0.8935337841614039,0.9710294564227149,0.9306711682868618
389,ad97cc064a_00180.jpg,0.9687174479166667,0.9438866730848576,0.8192670407066969,0.8771728016359918
390,ad97cc064a_00210.jpg,0.9722330729166667,0.9527656078860898,0.8364182692307692,0.8908090117767535
391,ad97cc064a_00240.jpg,0.9789225260416666,0.9493927125506073,0.8934396952018098,0.9205667668527265
392,ad97cc064a_00250.jpg,0.9701822916666667,0.9254784851364192,0.8416244908036045,0.8815619343160073
393,ae8545d581_00025.jpg,0.9773600260416667,0.9409221902017291,0.3260109835247129,0.4842417500926956
394,ae8545d581_00055.jpg,0.978955078125,0.7,0.49081803005008345,0.577036310107949
395,ae8545d581_00085.jpg,0.9253580729166667,0.0,0.0,0.0
396,b1fcbb3ced_00125.jpg,0.9840983072916667,0.9379761904761905,0.9452909418116376,0.941619360621452
397,b1fcbb3ced_00100.jpg,0.9872233072916666,0.9501299929094776,0.9568011424491253,0.9534538986065816
398,b1fcbb3ced_00120.jpg,0.9858235677083333,0.9528595357741086,0.9434901078071318,0.9481516756949818
399,b1fcbb3ced_00105.jpg,0.9842447916666667,0.9767175572519083,0.9072323327818482,0.9406935424580322
400,b1fcbb3ced_00050.jpg,0.987158203125,0.9615665288251034,0.9435493495643872,0.9524727426058671
401,b1fcbb3ced_00115.jpg,0.9834147135416667,0.9663993890798015,0.9095591758505032,0.9371181734032707
402,b1fcbb3ced_00170.jpg,0.980224609375,0.8928491369648061,0.9685106382978723,0.9291421239867033
403,b34105a4e9_00050.jpg,0.9825358072916667,0.9439852268730214,0.9609703697072778,0.9524020760324713
404,b34105a4e9_00025.jpg,0.9765462239583333,0.9451530612244898,0.9466446231306831,0.945898254176835
405,b34105a4e9_00055.jpg,0.9848307291666667,0.9519255846300965,0.9665460323064701,0.9591800981079186
406,b34105a4e9_00085.jpg,0.9522623697916667,0.8935349240097645,0.877707301980198,0.8855503960666484
407,b53f675641_00125.jpg,0.99345703125,0.9727891156462585,0.2643253234750462,0.4156976744186046
408,b53f675641_00090.jpg,0.9919921875,1.0,0.07344632768361582,0.13684210526315788
409,b53f675641_00055.jpg,0.9909342447916667,0.0,0.0,0.0
410,b53f675641_00110.jpg,0.992236328125,0.0,0.0,0.0
411,b53f675641_00085.jpg,0.9952962239583333,0.9283154121863799,0.49053030303030304,0.6418835192069393
412,b53f675641_00095.jpg,0.9950032552083333,0.9318181818181818,0.4124748490945674,0.5718270571827057
413,b73867d769_00125.jpg,0.9836263020833333,0.9606035589800037,0.9930305329034705,0.9765479298769116
414,b73867d769_00090.jpg,0.9831705729166667,0.955263279766591,0.9967141821696062,0.9755486189935679
415,b73867d769_00055.jpg,0.9796712239583333,0.9506647372705074,0.992540484396393,0.9711514031643378
416,b73867d769_00110.jpg,0.98017578125,0.9612388893979658,0.9825777444735856,0.971791189957849
417,b73867d769_00085.jpg,0.984814453125,0.9866803278688525,0.9703659597856455,0.978455143747835
418,b73867d769_00095.jpg,0.9867838541666667,0.9728036385575718,0.9893330816066456,0.9809987363691675
419,b76df6e059_00060.jpg,0.913720703125,0.8559527177842748,0.9742718099191298,0.9112877583465818
420,b76df6e059_00090.jpg,0.9699544270833333,0.9501613613026257,0.9815502348840733,0.9656007751937984
421,b76df6e059_00120.jpg,0.940380859375,0.9025567956938177,0.9499687565090607,0.9256560654340281
422,b76df6e059_00130.jpg,0.9059733072916667,0.8789210019267822,0.8964351688087097,0.8875916953670734
423,b9d3b92169_00125.jpg,0.9986328125,0.0,0.0,0.0
424,b9d3b92169_00100.jpg,0.9986490885416667,0.0,0.0,0.0
425,b9d3b92169_00120.jpg,0.9988118489583333,0.0,0.0,0.0
426,b9d3b92169_00105.jpg,0.9984700520833333,0.0,0.0,0.0
427,b9d3b92169_00050.jpg,0.9985026041666667,0.0,0.0,0.0
428,b9d3b92169_00115.jpg,0.9986653645833333,0.0,0.0,0.0
429,b9d3b92169_00170.jpg,0.9960774739583333,0.0,0.0,0.0
430,ba5e1f4faa_00125.jpg,0.9747884114583333,0.9278542208999628,0.6480519480519481,0.7631136259366875
431,ba5e1f4faa_00090.jpg,0.9766438802083334,0.89013671875,0.7873029583243359,0.8355677781597342
432,ba5e1f4faa_00055.jpg,0.9791666666666666,0.9728846782097353,0.8424328147100424,0.9029714978775015
433,ba5e1f4faa_00110.jpg,0.980126953125,0.9295352323838081,0.7059493310560774,0.8024591490050154
434,ba5e1f4faa_00085.jpg,0.9774739583333333,0.9344533838144817,0.7810522151898734,0.8508942038353802
435,ba5e1f4faa_00095.jpg,0.980322265625,0.9060312331717825,0.7964497041420119,0.8477138178611917
436,bcd1d39afb_00025.jpg,0.9957194010416667,0.39436619718309857,0.24034334763948498,0.29866666666666664
437,bcd1d39afb_00055.jpg,0.99619140625,0.5493827160493827,0.356,0.4320388349514563
438,bcd1d39afb_00085.jpg,0.9954752604166667,0.0,0.0,0.0
439,bcd1d39afb_00095.jpg,0.9952311197916667,0.0,0.0,0.0
440,c0f49c6579_00050.jpg,0.9928059895833333,0.0,0.0,0.0
441,c0f49c6579_00025.jpg,0.9913736979166666,0.9264069264069265,0.29436038514442914,0.4467640918580376
442,c0f49c6579_00055.jpg,0.9921549479166667,0.17391304347826086,0.02745995423340961,0.04743083003952569
443,c0f49c6579_00085.jpg,0.9722981770833333,0.05716207128446537,0.22077922077922077,0.09081196581196582
444,c14826ad5e_00125.jpg,0.9978352864583333,0.4915254237288136,0.2196969696969697,0.3036649214659686
445,c14826ad5e_00100.jpg,0.9986979166666666,0.0,0.0,0.0
446,c14826ad5e_00120.jpg,0.9981770833333333,0.0,0.0,0.0
447,c14826ad5e_00105.jpg,0.99765625,0.32989690721649484,0.2882882882882883,0.30769230769230765
448,c14826ad5e_00050.jpg,0.9933430989583333,0.0,0.0,0.0
449,c14826ad5e_00115.jpg,0.99873046875,0.0,0.0,0.0
450,c14826ad5e_00170.jpg,0.99716796875,0.721030042918455,0.6064981949458483,0.6588235294117646
451,c16f09cb63_00125.jpg,0.9529947916666667,0.9489927353289711,0.906580695968893,0.9273020188289784
452,c16f09cb63_00100.jpg,0.8503580729166667,0.6945968926335317,0.9329318936877077,0.7963135274048474
453,c16f09cb63_00120.jpg,0.8298502604166667,0.6991477082075028,0.9333452786239025,0.7994474926140506
454,c16f09cb63_00105.jpg,0.8733072916666667,0.6551243876668907,0.9576663858466723,0.7780185935093823
455,c16f09cb63_00050.jpg,0.9657389322916666,0.8304246948451528,0.9510166358595195,0.8866390220259572
456,c16f09cb63_00115.jpg,0.8462890625,0.6572660662494275,0.9738211014361642,0.7848257006151743
457,c16f09cb63_00170.jpg,0.97685546875,0.40750105351875265,0.9837232960325534,0.5762812872467223
458,c7cef4aee2_00050.jpg,0.9770670572916667,0.9047817047817048,0.6483909415971395,0.7554244054851589
459,c7cef4aee2_00025.jpg,0.9928059895833333,0.0,0.0,0.0
460,c7cef4aee2_00055.jpg,0.9715169270833334,0.8386824324324325,0.592128801431127,0.694162880111849
461,c7cef4aee2_00085.jpg,0.990966796875,0.8451202263083452,0.7805355976485957,0.8115449915110355
462,c8f6cba9fd_00120.jpg,0.9967936197916667,0.6104651162790697,0.7692307692307693,0.6807131280388978
463,c8f6cba9fd_00090.jpg,0.9964518229166667,1.0,0.0045662100456621,0.00909090909090909
464,c8f6cba9fd_00055.jpg,0.9916829427083333,0.14018691588785046,0.2955665024630542,0.19017432646592713
465,c8f6cba9fd_00110.jpg,0.9951497395833333,0.46111111111111114,0.6148148148148148,0.526984126984127
466,c8f6cba9fd_00085.jpg,0.996533203125,0.0,0.0,0.0
467,c8f6cba9fd_00095.jpg,0.9974446614583333,0.6881188118811881,0.5965665236051502,0.6390804597701149
468,c937eb0b83_00050.jpg,0.960400390625,0.9451111268905773,0.8891115564462257,0.9162564967473238
469,c937eb0b83_00025.jpg,0.9854329427083334,0.9464498493025864,0.9903916678891008,0.9679222966918749
470,c937eb0b83_00055.jpg,0.9776041666666667,0.94233531705315,0.9627507163323782,0.952433628318584
471,c937eb0b83_00085.jpg,0.9807291666666667,0.9371340325590374,0.9859860537539774,0.9609395618896807
472,c9bf64e965_00025.jpg,0.9930989583333333,0.9820472792149866,0.9710033076074972,0.976494068078501
473,c9bf64e965_00055.jpg,0.9938313802083333,0.9820816606286106,0.980833170350088,0.9814570184451294
474,c9bf64e965_00085.jpg,0.9736653645833333,0.9741735537190083,0.5460335842501448,0.6998144712430427
475,c9bf64e965_00095.jpg,1.0,0.0,0.0,0.0
476,ca346f17eb_00125.jpg,0.998681640625,0.0,0.0,0.0
477,ca346f17eb_00100.jpg,0.9984049479166667,0.0,0.0,0.0
478,ca346f17eb_00120.jpg,0.998876953125,0.0,0.0,0.0
479,ca346f17eb_00105.jpg,0.9986002604166667,0.0,0.0,0.0
480,ca346f17eb_00050.jpg,0.9932291666666667,0.7237936772046589,0.635036496350365,0.6765163297045101
481,ca346f17eb_00115.jpg,0.9989908854166667,0.6333333333333333,0.2714285714285714,0.38
482,ca346f17eb_00170.jpg,0.99658203125,0.5211267605633803,0.3425925925925926,0.41340782122905034
483,cad8a85930_00125.jpg,0.9990559895833333,0.8,0.7887323943661971,0.7943262411347518
484,cad8a85930_00090.jpg,0.9979654947916666,0.7661870503597122,0.7802197802197802,0.7731397459165154
485,cad8a85930_00055.jpg,0.9975748697916667,0.7535014005602241,0.8151515151515152,0.7831149927219796
486,cad8a85930_00110.jpg,0.99765625,0.532608695652174,0.9074074074074074,0.6712328767123288
487,cad8a85930_00085.jpg,0.9984375,0.8543689320388349,0.7272727272727273,0.7857142857142857
488,cad8a85930_00095.jpg,0.9985514322916667,0.8461538461538461,0.7162790697674418,0.7758186397984886
489,cbb410da64_00050.jpg,0.9989095052083333,0.0,0.0,0.0
490,cbb410da64_00025.jpg,0.9986490885416667,0.0,0.0,0.0
491,cbb410da64_00055.jpg,0.9990559895833333,0.0,0.0,0.0
492,cbb410da64_00085.jpg,0.9990234375,0.0,0.0,0.0
493,cdc6b1c032_00050.jpg,0.9729166666666667,0.0,0.0,0.0
494,cdc6b1c032_00025.jpg,0.9546061197916667,1.0,0.007826396300249021,0.015531238969290505
495,cdc6b1c032_00055.jpg,0.974365234375,0.0,0.0,0.0
496,cdc6b1c032_00085.jpg,0.9515625,0.0,0.0,0.0
497,d3f5c309cc_00045.jpg,0.995654296875,0.0,0.0,0.0
498,d3f5c309cc_00050.jpg,0.9951822916666667,0.0,0.0,0.0
499,d74875ea7c_00025.jpg,0.9864908854166666,0.977487684729064,0.9815492679066087,0.9795142659689998
500,d74875ea7c_00055.jpg,0.98740234375,0.9850830718584435,0.9753501400560224,0.9801924454908383
501,d74875ea7c_00085.jpg,0.980126953125,0.9712678696976799,0.9714955461790905,0.9713816945974452
502,d74875ea7c_00095.jpg,0.9705078125,0.943516164184526,0.9733932921116732,0.958221894309693
503,d8596701b7_00120.jpg,0.9933430989583333,0.9899497487437185,0.326158940397351,0.4906600249066002
504,d8596701b7_00090.jpg,0.9912109375,0.0,0.0,0.0
505,d8596701b7_00055.jpg,0.9999674479166667,0.0,0.0,0.0
506,d8596701b7_00110.jpg,0.9865885416666667,0.9975369458128078,0.3298045602605863,0.4957160342717258
507,d8596701b7_00085.jpg,0.9790690104166667,1.0,0.02943396226415094,0.057184750733137835
508,d8596701b7_00095.jpg,0.995654296875,1.0,0.0037313432835820895,0.007434944237918215
509,d95707bca8_00050.jpg,0.9856770833333334,0.6604527296937417,0.7283406754772394,0.6927374301675978
510,d95707bca8_00025.jpg,0.9892903645833333,0.9352290679304898,0.48966087675765096,0.6427795874049946
511,d95707bca8_00055.jpg,0.9878580729166667,0.7808455565142364,0.6478167501789549,0.7081377151799687
512,d95707bca8_00085.jpg,0.9830729166666666,0.6531291611185086,0.654,0.653564290473018
513,da6003fc72_00125.jpg,0.969482421875,0.9483088704530951,0.8348314606741573,0.8879593665969525
514,da6003fc72_00090.jpg,0.9685872395833334,0.9739013049347532,0.7871257122075404,0.8706087422901582
515,da6003fc72_00055.jpg,0.9701334635416666,0.8911625527561069,0.8762575452716298,0.8836472005579862
516,da6003fc72_00110.jpg,0.9792154947916667,0.9200297103243377,0.9217412873620241,0.9208847035499659
517,da6003fc72_00085.jpg,0.979931640625,0.9604549662743024,0.8860419716935091,0.9217490639081044
518,da6003fc72_00095.jpg,0.9808756510416666,0.9078882900538952,0.9460114869176771,0.9265579098693669
519,dc32a44804_00125.jpg,0.9908365885416667,0.9219526454253142,0.9142028985507247,0.9180614175520303
520,dc32a44804_00100.jpg,0.992236328125,0.9232422474669941,0.9298082869511441,0.9265136342628255
521,dc32a44804_00120.jpg,0.991455078125,0.9221611721611722,0.9179580674567,0.920054819552307
522,dc32a44804_00105.jpg,0.9909993489583333,0.9074955383700178,0.9265107804433648,0.9169045830202855
523,dc32a44804_00050.jpg,0.988720703125,0.8717660292463442,0.9289781240635301,0.8994632235601334
524,dc32a44804_00115.jpg,0.9899251302083333,0.9113284947933102,0.8952262864228147,0.9032056293979672
525,dc32a44804_00170.jpg,0.9911946614583333,0.9213887979037013,0.903339755940912,0.9122750121615049
526,dd8636bd8b_00125.jpg,0.9936197916666667,0.9554838709677419,0.9600259291270528,0.9577495149816772
527,dd8636bd8b_00100.jpg,0.9925455729166667,0.9527294906983836,0.9768605378361476,0.9646441253666821
528,dd8636bd8b_00120.jpg,0.9908854166666666,0.9401923076923077,0.9515375632541845,0.9458309150706133
529,dd8636bd8b_00105.jpg,0.9945475260416666,0.9679755391052463,0.9778897740204845,0.9729073999191267
530,dd8636bd8b_00050.jpg,0.9881184895833334,0.9578040904198063,0.892835641180012,0.9241794765267969
531,dd8636bd8b_00115.jpg,0.9954915364583333,0.9715852442671984,0.9821938518394087,0.9768607468047782
532,dd8636bd8b_00170.jpg,0.9900716145833334,0.9298839458413927,0.9705585464333782,0.9497859729996707
533,df96aa609a_00105.jpg,0.998486328125,0.390625,0.7692307692307693,0.5181347150259068
534,df96aa609a_00135.jpg,0.9965983072916667,0.0,0.0,0.0
535,df96aa609a_00165.jpg,0.9903483072916667,0.8056179775280898,0.6306068601583114,0.7074494326591021
536,df96aa609a_00175.jpg,0.9792317708333333,0.63019508057676,0.4693619709412508,0.5380159304851556
537,e2c87a6421_00025.jpg,0.9794270833333333,0.9914821124361158,0.3161325366648561,0.47940691927512363
538,e2c87a6421_00055.jpg,0.9866536458333334,0.8692185007974481,0.6242840778923253,0.7266666666666667
539,e2c87a6421_00085.jpg,0.9842610677083333,0.7162828947368421,0.5833891493636972,0.6430417128091547
540,e2c87a6421_00095.jpg,0.984326171875,0.9609120521172638,0.48841059602649006,0.6476399560922064
541,e3bf38265f_00045.jpg,0.997509765625,0.0,0.0,0.0
542,e41ceb5d81_00125.jpg,0.9719563802083333,0.9941048351967475,0.957484895949877,0.9754512943992478
543,e41ceb5d81_00100.jpg,0.9400227864583334,0.9966404622723913,0.892183693723497,0.9415237158227145
544,e41ceb5d81_00120.jpg,0.9822916666666667,0.9948386348479137,0.9741616740963684,0.9843915875247469
545,e41ceb5d81_00105.jpg,0.93857421875,0.9915461266473803,0.8978112812154374,0.9423535162216655
546,e41ceb5d81_00050.jpg,0.9884114583333333,0.9906376338747429,0.9842153477556198,0.9874160480735243
547,e41ceb5d81_00115.jpg,0.933203125,0.9989241031631367,0.8887187200875154,0.9406043765196249
548,e41ceb5d81_00170.jpg,0.97919921875,0.9929392269173961,0.9622272647931576,0.9773420324799659
549,e495f32c60_00040.jpg,0.992236328125,0.0,0.0,0.0
550,e7c6354e77_00050.jpg,0.9655436197916667,0.6598418812081898,0.8811586356253384,0.7546076272168772
551,e7c6354e77_00025.jpg,0.9612955729166667,0.9896128423040604,0.3068814055636896,0.4684845775592311
552,e7c6354e77_00055.jpg,0.978369140625,0.8241758241758241,0.7362254591513616,0.7777220270948318
553,e7c6354e77_00085.jpg,0.9889485677083333,0.7601173020527859,0.8275862068965517,0.7924182207276063
554,ea5672ffa8_00060.jpg,0.9895833333333334,0.8829953198127926,0.5004420866489832,0.6388261851015802
555,ea5672ffa8_00025.jpg,0.99853515625,0.6306818181818182,0.8161764705882353,0.7115384615384616
556,ea5672ffa8_00055.jpg,0.9873860677083334,0.38764044943820225,0.09387755102040816,0.15115005476451257
557,ecfff22fd6_00125.jpg,0.99677734375,0.9943883277216611,0.8211306765523633,0.899492385786802
558,ecfff22fd6_00100.jpg,0.996728515625,0.9781420765027322,0.7396694214876033,0.8423529411764706
559,ecfff22fd6_00120.jpg,0.9969563802083333,0.9956284153005465,0.8327239488117002,0.9069188651070184
560,ecfff22fd6_00105.jpg,0.996826171875,0.9153225806451613,0.8376383763837638,0.8747591522157996
561,ecfff22fd6_00050.jpg,0.9956217447916667,0.9974811083123426,0.5963855421686747,0.7464655984919887
562,ecfff22fd6_00115.jpg,0.9958984375,0.9618138424821002,0.7855750487329435,0.8648068669527897
563,ecfff22fd6_00170.jpg,0.9972330729166666,0.9787234042553191,0.6639175257731958,0.7911547911547911
564,ee07583fc0_00125.jpg,0.9522135416666667,0.9709254709254709,0.45282658517952634,0.6176087522792394
565,ee07583fc0_00090.jpg,0.9431315104166667,0.8737791879430866,0.9489581650783395,0.9098182944455916
566,ee07583fc0_00055.jpg,0.967626953125,0.9903139768845632,0.9223394055608821,0.9551188031680846
567,ee07583fc0_00110.jpg,0.9709635416666667,0.9337814014984575,0.877510871816111,0.9047720721682502
568,ee07583fc0_00085.jpg,0.9629557291666667,0.9473765766882574,0.9814428355860918,0.9641088718579495
569,ee07583fc0_00095.jpg,0.9799967447916667,0.962023758232289,0.9623199113409678,0.962171811997907
570,ee9706ac7f_00050.jpg,0.980322265625,0.5749145924841386,0.7770448548812665,0.6608695652173913
571,ee9706ac7f_00025.jpg,0.9726236979166667,0.6530424093423479,0.7935026138909634,0.7164531355360757
572,ee9706ac7f_00055.jpg,0.98173828125,0.6130081300813008,0.5385714285714286,0.573384030418251
573,ee9706ac7f_00085.jpg,0.9846028645833333,0.6585365853658537,0.8254777070063695,0.7326172979084229
574,f4dd51ac35_00050.jpg,0.9946126302083333,0.8659574468085106,0.6029629629629629,0.7109170305676856
575,f4dd51ac35_00025.jpg,0.9894694010416667,1.0,0.03576751117734724,0.06906474820143885
576,f4dd51ac35_00055.jpg,0.992822265625,0.8122270742358079,0.5116918844566712,0.6278481012658228
577,f4dd51ac35_00085.jpg,0.9916829427083333,0.6586493987049029,0.8337236533957846,0.7359173126614987
578,f659251be2_00125.jpg,0.9913411458333333,0.8754716981132076,0.8436363636363636,0.8592592592592594
579,f659251be2_00090.jpg,0.988671875,0.9032455603184323,0.7327372081470442,0.8091058694459682
580,f659251be2_00055.jpg,0.9856608072916667,0.7656665400683631,0.8842105263157894,0.8206798290250358
581,f659251be2_00110.jpg,0.9912760416666667,0.9369797859690844,0.7856430707876371,0.8546637744034706
582,f659251be2_00085.jpg,0.9900065104166667,0.89,0.7938553022794846,0.8391828182294395
583,f659251be2_00095.jpg,0.984619140625,0.7615201900237529,0.7834799608993157,0.7723440134907251
584,f6adb12c42_00070.jpg,0.9614583333333333,1.0,0.00042211903756859433,0.0008438818565400843
585,f6adb12c42_00045.jpg,0.96044921875,0.5891677675033025,0.17387914230019494,0.2685129440096327
586,f6adb12c42_00055.jpg,0.966845703125,0.885145482388974,0.22755905511811023,0.3620419668023802
587,f7782c430e_00125.jpg,0.982177734375,0.9531433740388964,0.9480834982904445,0.9506067030538139
588,f7782c430e_00090.jpg,0.9850260416666666,0.9647409369309717,0.9593415637860082,0.9620336744800264
589,f7782c430e_00055.jpg,0.9869954427083333,0.9504267609276662,0.9800853485064012,0.9650282312776295
590,f7782c430e_00110.jpg,0.9831868489583333,0.961373028590706,0.9519792884583264,0.9566530989047878
591,f7782c430e_00085.jpg,0.986962890625,0.9798921879010867,0.9529039773672824,0.9662096604091964
592,f7782c430e_00095.jpg,0.9841959635416667,0.966293074606892,0.9531391799356489,0.9596710553640404
593,f9ae3d98b7_00120.jpg,0.9489420572916667,0.6619061936259771,0.8321678321678322,0.7373356778028971
594,f9ae3d98b7_00090.jpg,0.9595540364583334,0.8043478260869565,0.6345952729554486,0.7094586694726996
595,f9ae3d98b7_00055.jpg,0.968017578125,0.792191435768262,0.733955659276546,0.7619624470018173
596,f9ae3d98b7_00110.jpg,0.9846354166666667,0.8548559231590181,0.938158819395643,0.8945722582086219
597,f9ae3d98b7_00085.jpg,0.9568522135416667,0.6960281870595771,0.8523239850951166,0.7662875782420876
598,f9ae3d98b7_00095.jpg,0.983740234375,0.8692868182821815,0.9063075506445673,0.8874112476050942
599,f9b6217959_00050.jpg,0.9864095052083334,1.0,0.043528064146620846,0.08342480790340284
600,f9b6217959_00025.jpg,0.9860677083333333,0.0,0.0,0.0
601,f9b6217959_00055.jpg,0.9854654947916667,0.6380597014925373,0.4600896860986547,0.5346534653465346
602,f9b6217959_00085.jpg,0.9701497395833333,0.9473684210526315,0.06451612903225806,0.12080536912751677
603,f9f3852526_00125.jpg,0.993701171875,0.08445945945945946,0.1773049645390071,0.11441647597254005
604,f9f3852526_00100.jpg,0.9951497395833333,0.006944444444444444,0.00641025641025641,0.006666666666666666
605,f9f3852526_00120.jpg,0.9928059895833333,0.02608695652173913,0.0782608695652174,0.0391304347826087
606,f9f3852526_00105.jpg,0.9950032552083333,0.0,0.0,0.0
607,f9f3852526_00050.jpg,0.9988932291666667,0.0,0.0,0.0
608,f9f3852526_00115.jpg,0.98984375,0.0,0.0,0.0
609,f9f3852526_00170.jpg,0.99794921875,0.0,0.0,0.0
610,fad633fbe1_00125.jpg,0.9904296875,0.8648090815273478,0.8371628371628371,0.850761421319797
611,fad633fbe1_00090.jpg,0.987841796875,0.3013993541442411,0.7407407407407407,0.4284621270084162
612,fad633fbe1_00055.jpg,1.0,0.0,0.0,0.0
613,fad633fbe1_00110.jpg,0.9909342447916667,0.8674884437596302,0.5444874274661509,0.6690433749257279
614,fad633fbe1_00085.jpg,0.9969563802083333,0.7360703812316716,0.7212643678160919,0.7285921625544267
615,fad633fbe1_00095.jpg,0.99638671875,0.7648183556405354,0.8016032064128257,0.7827788649706457
616,fb49738155_00125.jpg,0.9924967447916667,0.9733545436468483,0.9806671341280176,0.9769971558305474
617,fb49738155_00100.jpg,0.9908528645833333,0.9718393068137062,0.9727971614429332,0.9723179982267758
618,fb49738155_00120.jpg,0.9901529947916666,0.9785686578743211,0.9633412887828162,0.9708952710828882
619,fb49738155_00105.jpg,0.9917154947916667,0.9697531466484535,0.9803708818307358,0.9750331093343797
620,fb49738155_00050.jpg,0.9903645833333333,0.9670597407660072,0.9750417608332514,0.9710343477835405
621,fb49738155_00115.jpg,0.990283203125,0.9738492714464924,0.968708005375312,0.9712718348491409
622,fb49738155_00170.jpg,0.9923990885416667,0.9813084112149533,0.9715377652619933,0.9763986455753777
623,fbfd25174f_00025.jpg,0.9867838541666667,0.9821151490404246,0.9530073698391315,0.9673423423423424
624,fbfd25174f_00055.jpg,0.9554036458333334,0.9917795844625112,0.8056207807455239,0.8890598429022594
625,fbfd25174f_00085.jpg,0.9790852864583334,0.9830125598626548,0.9084001336005344,0.9442346916634119
626,fbfd25174f_00095.jpg,0.97958984375,0.9735503560528993,0.9241912119748914,0.9482288828337875
627,fc6186f0bb_00125.jpg,0.9813802083333333,0.929296131896005,0.9487483815278377,0.9389215162840363
628,fc6186f0bb_00100.jpg,0.9821126302083333,0.9256836461126006,0.955078557202921,0.94015139138485
629,fc6186f0bb_00120.jpg,0.9777018229166666,0.9147241074063146,0.9486891767826175,0.9313970956434652
630,fc6186f0bb_00105.jpg,0.980224609375,0.9464285714285714,0.9179260893546608,0.9319594556756454
631,fc6186f0bb_00050.jpg,0.9718587239583333,0.8995368421052632,0.9522196469958994,0.9251288269172476
632,fc6186f0bb_00115.jpg,0.9759440104166667,0.9391499940807387,0.8916488704057548,0.9147832103321033
633,fc6186f0bb_00170.jpg,0.9873860677083334,0.9639041593195726,0.9560699588477366,0.9599710758741801
634,fd6789b3fe_00125.jpg,0.9807942708333334,0.9332513613209205,0.8691313593980042,0.9000508216161275
635,fd6789b3fe_00100.jpg,0.9878743489583334,0.9513576545060803,0.9265087605451006,0.938768800854771
636,fd6789b3fe_00120.jpg,0.9653483072916667,0.885503355704698,0.8379270925949448,0.8610585394504993
637,fd6789b3fe_00105.jpg,0.9887532552083333,0.9373189904840712,0.9211221793047367,0.9291500051266277
638,fd6789b3fe_00050.jpg,0.9880696614583333,0.9010587805768528,0.9627462453676614,0.9308816595945308
639,fd6789b3fe_00115.jpg,0.9750651041666667,0.9277622284419565,0.875487360080493,0.9008670894266856
640,fd6789b3fe_00170.jpg,0.9775227864583333,0.9415593040244389,0.8828144458281445,0.9112410823317694
